"","Name","rack_count","longitude","latitude","address"
"1","kml_1",12,"103.817334142586","1.28935742467591","126 Tiong Bahru Rd, Singapore 168732"
"2","kml_2",56,"103.953243015596","1.3435942331395","30 Simei Street 3, Singapore 529888"
"3","kml_3",19,"103.952923995988","1.3437480471865","30 Simei Street 3, Singapore 529888"
"4","kml_4",22,"103.952921315103","1.34374804731857","30 Simei Street 3, Singapore 529888"
"5","kml_5",46,"103.952982065968","1.34341526441951","30 Simei Street 3, Singapore 529888"
"6","kml_6",74,"103.953341283833","1.34295115362209","3 Simei Street 6, Singapore 528833"
"7","kml_7",100,"103.948978186464","1.37248021634387","Pasir Ris Dr 1, Pasir Ris, Singapore"
"8","kml_8",124,"103.94906936764","1.37224201958404","Pasir Ris Dr 1, Pasir Ris, Singapore"
"9","kml_9",150,"103.949421931655","1.37360127333946","10 Pasir Ris Central, Singapore 519634"
"10","kml_10",124,"103.949279839419","1.37354281894416","10 Pasir Ris Central, Singapore 519634"
"11","kml_11",408,"103.948970139549","1.37185618550805","Pasir Ris Dr 1, Pasir Ris, Singapore"
"12","kml_12",135,"103.945685985767","1.35290861165574","TAMPINES MALL, 4 Tampines Central 5, Singapore 529510, Singapore 529510"
"13","kml_13",73,"103.94545363128","1.35271390125937","TAMPINES MALL, 4 Tampines Central 5, Singapore 529510, Singapore 529510"
"14","kml_14",226,"103.945338356282","1.35280429682124","4 Tampines Central 5, Singapore 529510"
"15","kml_15",118,"103.944791058026","1.35399423544075","30 Tampines Central 1, Singapore 529536"
"16","kml_16",25,"103.944744587519","1.35396410752093","30 Tampines Central 1, Singapore 529536"
"17","kml_17",92,"103.944588636556","1.35371677823679","20 Tampines Central 1, Singapore 529538"
"18","kml_18",364,"103.945917410468","1.35231724187075","158 Tampines Street 12, Block 158, Singapore 521158"
"19","kml_19",180,"103.882307587058","1.3161964939219","Aljunied, Singapore 388310"
"20","kml_20",148,"103.882892024925","1.3165598426919","81 Lor 25 Geylang, Singapore 388310"
"21","kml_21",164,"103.882907211307","1.31629361794501","Aljunied, Singapore 388310"
"22","kml_22",42,"103.87103644645","1.31143140708036","5 Sims Ave, Singapore 387405"
"23","kml_23",25,"103.871064149032","1.31144579717356","5 Sims Ave, Singapore 387405"
"24","kml_24",41,"103.871765650351","1.31190088644153","27 Lor 1 Geylang, Singapore 382008"
"25","kml_25",200,"103.871188136319","1.31125174817169","Kallang MRT, 5 Sims Ave, Singapore 387405"
"26","kml_26",20,"103.863283770723","1.3075883452586","50 Kallang Rd, Lavender Stn Exit A/ICA, Singapore 208699"
"27","kml_27",74,"103.862833833988","1.30776283564351","8 Horne Rd, Singapore 209060"
"28","kml_28",20,"103.856353668363","1.30069805917785","750 Victoria St, Singapore 188062"
"29","kml_29",51,"103.855599456484","1.30105872832313","191 Rochor Rd, Singapore"
"30","kml_30",80,"103.856686077746","1.29882728877269","34 Tan Quee Lan St, Singapore 188118"
"31","kml_31",48,"103.678818745563","1.32795816425018","Joo Koon, Singapore"
"32","kml_32",20,"103.678742707387","1.32752258802525","Joo Koon, Singapore"
"33","kml_33",80,"103.678257574163","1.32754305396058","Joo Koon Stn Exit A, Singapore"
"34","kml_34",48,"103.893717886818","1.31829523282847","30 Paya Lebar Rd, Singapore 409006"
"35","kml_35",35,"103.893779541566","1.31807037961164","30 Paya Lebar Rd, Singapore 409006"
"36","kml_36",34,"103.888295144544","1.30812036852872","201 Old Airport Rd, Dakota, Singapore 397973"
"37","kml_37",48,"103.889333550269","1.30888574077274","201 Old Airport Rd, Dakota, Singapore 397973"
"38","kml_38",10,"103.882564768151","1.30683793381775","Mountbatten, Singapore"
"39","kml_39",54,"103.882761808601","1.30667738571103","Mountbatten, Singapore"
"40","kml_40",70,"103.883241446738","1.3060057439877","Mountbatten, Singapore"
"41","kml_41",72,"103.874764943341","1.30247977308283","3 Stadium Walk, Singapore 397692"
"42","kml_42",21,"103.876105836068","1.30340524056604","3 Stadium Walk, Singapore 397692"
"43","kml_43",80,"103.876425749761","1.30326132988584","3 Stadium Walk, Singapore 397692"
"44","kml_44",8,"103.874712670181","1.30270192754657","3 Stadium Walk, Singapore 397692"
"45","kml_45",103,"103.895171418769","1.39077443371104","Sengkang, Singapore"
"46","kml_46",16,"103.901682957568","1.40427343891246","70 Punggol Central, Singapore"
"47","kml_47",16,"103.902056500532","1.40407915615113","70A Punggol Pl, Singapore 828865"
"48","kml_48",16,"103.901757122922","1.40399282201715","70 Punggol Central, Singapore"
"49","kml_49",52,"103.901653453818","1.40382373675046","Punggol Temp Int, Singapore"
"50","kml_50",54,"103.903070857594","1.40598136964261","70 Punggol Central, Singapore"
"51","kml_51",48,"103.903065954149","1.40637441018208","70 Punggol Central, Singapore"
"52","kml_52",27,"103.90275986953","1.4061450708736","70 Punggol Central, Singapore"
"53","kml_53",165,"103.902663359545","1.40631596085151","70 Punggol Central, Singapore"
"54","kml_54",28,"103.902352343362","1.40552269402108","Punggol Stn (Waterway Pt)(65251), Along Punggol Central, Singapore"
"55","kml_55",34,"103.893352646092","1.38320462775854","SG Compassvale Bow 85, 530558 Buangkok, Singapore 544685"
"56","kml_56",64,"103.893443792948","1.38299281524307","10 Sengkang Central, Singapore 545061"
"57","kml_57",70,"103.893331183799","1.38261866505015","277C Compassvale Link, Singapore 543277"
"58","kml_58",72,"103.892876326023","1.38300452193293","9VMV+65 Singapore"
"59","kml_59",64,"103.892820032929","1.38327704343397","Buangkok Stn Exit B, Singapore"
"60","kml_60",54,"103.892046754542","1.37217658901837","80 Hougang Central, Singapore 538758"
"61","kml_61",27,"103.892555216663","1.3703136184964","840 Hougang Central, Singapore 538757"
"62","kml_62",66,"103.893068178269","1.3716648013508","814 Hougang Central, Singapore"
"63","kml_63",30,"103.892921631413","1.37210551416455","814 Hougang Ave 10, Singapore 530814"
"64","kml_64",10,"103.893177198081","1.37146782857704","814 Hougang Central, Singapore"
"65","kml_65",10,"103.893085164334","1.37194001929375","814 Hougang Ave 10, Singapore 530814"
"66","kml_66",26,"103.891964529692","1.37178624865941","80 Hougang Central, Hougang MRT Station (Exit C) , Singapore 538758"
"67","kml_67",40,"103.848450088057","1.30733293517695","1 Hampshire Rd, Singapore 219428"
"68","kml_68",40,"103.849275337173","1.30560291994159","Little India, Singapore"
"69","kml_69",40,"103.849231111289","1.30694393664011","60 Bukit Timah Rd, Singapore 229900"
"70","kml_70",36,"103.839479845639","1.28097178968658","10 Outram Rd, Singapore 169037"
"71","kml_71",60,"103.839688950143","1.28059583681294","10 Outram Rd, Singapore 169037"
"72","kml_72",80,"103.782054459225","1.28297268670739","Haw Par Villa, Singapore"
"73","kml_73",78,"103.802555868028","1.27199012794376","Labrador Park MRT Station, Singapore"
"74","kml_74",80,"103.809546588086","1.27076161160507","Telok Blangah, Singapore"
"75","kml_75",24,"103.862171792219","1.31930145128109","900 Serangoon Rd, Boon Keng, Singapore 328260"
"76","kml_76",40,"103.892046085222","1.37221391439131","80 Hougang Central, Singapore 538758"
"77","kml_77",28,"103.880461849043","1.34210776885278","90 Bartley Rd, Singapore 539788"
"78","kml_78",20,"103.878842833693","1.34354662583396","212 Upper Paya Lebar Rd, Bartley, Singapore 534881"
"79","kml_79",94,"103.887588890834","1.33582144150955","33 Upper Paya Lebar Rd, Singapore 534803"
"80","kml_80",36,"103.888072320861","1.33469987047418","33 Upper Paya Lebar Rd, Singapore 534803"
"81","kml_81",56,"103.889864765442","1.32678325113049","10A Lor Bengkok, Singapore 378961"
"82","kml_82",66,"103.890201187784","1.32551957679031","171 Paya Lebar Rd, Macpherson, Singapore 409048"
"83","kml_83",48,"103.891913168146","1.31650095956081","Paya Lebar Stn Exit D, Singapore"
"84","kml_84",64,"103.891621433236","1.31794991090521","16A Paya Lebar Close, Singapore 387689"
"85","kml_85",20,"103.89370895055","1.31829343426259","30 Paya Lebar Rd, Singapore 409006"
"86","kml_86",0,"103.849851646255","1.35104128536961","17 Bishan Pl, Singapore 579842"
"87","kml_87",20,"103.84847536922","1.34999440475006","9 Bishan Place, /06, Bishan Junction 8, Singapore 579837"
"88","kml_88",72,"103.847952145253","1.35012122436934","11 Bishan Pl, Singapore 579837"
"89","kml_89",20,"103.848060278247","1.35059521122641","200 Bishan Rd, Singapore 579827"
"90","kml_90",52,"103.848207732613","1.35127786024725","Bishan, Singapore"
"91","kml_91",48,"103.864896420217","1.35131322632531","Lorong Chuan, Singapore"
"92","kml_92",20,"103.865072915232","1.35142969718984","Lorong Chuan, Singapore"
"93","kml_93",58,"103.862956559505","1.35161162917746","Lorong Chuan, Singapore"
"94","kml_94",100,"103.862442226128","1.27035626123958","31 Marina Coastal Dr, Singapore 018988"
"95","kml_95",100,"103.863711160866","1.27119269554798","Marina South Pier, Singapore"
"96","kml_96",80,"103.855005656913","1.27590657887978","Marina Bay, Singapore"
"97","kml_97",26,"103.850025250869","1.29675847995353","70 Stamford Rd, Singapore 178901"
"98","kml_98",240,"103.903052744041","1.31993528027265","30 Eunos Crescent, Eunos MRT Station, Singapore 409423"
"99","kml_99",36,"103.904004015136","1.32015740670971","4A Eunos Cres, Singapore 402004"
"100","kml_100",80,"103.913271400688","1.32123671290934","55 Sims Ave E, Kembangan, Singapore 416551"
"101","kml_101",22,"103.91325620554","1.32123335001819","55 Sims Ave E, Kembangan, Singapore 416551"
"102","kml_102",63,"103.912256227035","1.32089242165306","30 Lor Mydin, Singapore 416825"
"103","kml_103",58,"103.912256227035","1.32089242165306","30 Lor Mydin, Singapore 416825"
"104","kml_104",10,"103.929448801248","1.32362982916169","315 New Upper Changi Rd, Bedok, Singapore 467347"
"105","kml_105",19,"103.929046220367","1.32357677983547","775 New Upper Changi Rd, Singapore 467349"
"106","kml_106",15,"103.945842560048","1.32765127669938","Tanah Merah Stn Exit B, Singapore"
"107","kml_107",56,"103.945780891808","1.32747589548072","Tanah Merah Stn Exit B, Singapore"
"108","kml_108",52,"103.946145495393","1.32755457676445","Tanah Merah Stn Exit B, Singapore"
"109","kml_109",5,"103.946145048561","1.32755367736537","Tanah Merah Stn Exit B, Singapore"
"110","kml_110",17,"103.946405953706","1.32680176239834","693 New Upper Changi Rd, Singapore 467348"
"111","kml_111",55,"103.946407740952","1.32680221199609","693 New Upper Changi Rd, Singapore 467348"
"112","kml_112",36,"103.946090047099","1.32659581299204","693 New Upper Changi Rd, Singapore 467348"
"113","kml_113",32,"103.945865300491","1.32661021383418","920 New Upper Changi Rd, Singapore 467356"
"114","kml_114",44,"103.962385485095","1.33577369978381","21 Changi South Ave 1, Expo, Singapore"
"115","kml_115",96,"103.961509084747","1.33428946711668","21 Changi South Ave 1, Expo, Singapore"
"116","kml_116",56,"103.962124601561","1.33573279201776","21 Changi South Ave 1, Expo, Singapore"
"117","kml_117",43,"103.953915216426","1.34307695295956","242 Simei Street 5, Block 242, Singapore 520242"
"118","kml_118",9,"103.87663057193","1.30317443175138","3 Stadium Walk, Singapore 397692"
"119","kml_119",30,"103.874248037661","1.30265292405367","3 Stadium Walk, Stadium, Singapore 397692"
"120","kml_120",0,"103.747322425881","1.39667011777879","61 Choa Chu Kang Dr, Yew Tee, Singapore 689715"
"121","kml_121",5,"103.762168141767","1.37918936235699","185 Jelebu Rd, Singapore 670185"
"122","kml_122",100,"103.636221043493","1.33979395071103","20 Tuas West Dr, Singapore 638418"
"123","kml_123",30,"103.637289223667","1.34052245129831","Tuas Link Stn, Singapore"
"124","kml_124",98,"103.639507609653","1.32966633964335","135 Pioneer Rd, Singapore 639589"
"125","kml_125",14,"103.640017087901","1.33007429194951","Tuas West Rd Stn Exit B, Singapore"
"126","kml_126",24,"103.64915134059","1.32054732747823","90 Pioneer Rd, Singapore 639608"
"127","kml_127",14,"103.64960002047","1.32102228746784","1 Tuas Ave 2, Singapore 639441"
"128","kml_128",30,"103.660980119778","1.31945264435171","Gul Circle Stn Exit A, Singapore"
"129","kml_129",20,"103.660482228013","1.31891649579597","7A Tuas Rd, Gul Circle, Singapore 637288"
"130","kml_130",0,"103.678742583825","1.32753049624097","Joo Koon, Singapore"
"131","kml_131",0,"103.697284155294","1.3378878561129","31 Jurong West Street 63, Pioneer, Singapore 648310"
"132","kml_132",13,"103.696967143071","1.33814132735977","650A Jurong West Street 61, Block 650A, Singapore 641650"
"133","kml_133",20,"103.863503066157","1.30013203132746","20 Republic Ave, Nicoll Highway, Singapore 038970"
"134","kml_134",20,"103.864172827482","1.29959957404591","20 Republic Ave, Nicoll Highway, Singapore 038970"
"135","kml_135",20,"103.791688173264","1.27580020151802","119 Pasir Panjang Rd, Singapore 117424"
"136","kml_136",80,"103.791807914155","1.27598278313075","Pasir Panjang, Singapore"
"137","kml_137",40,"103.784931269357","1.29239774369086","301 South Buona Vista Rd, Kent Ridge, Singapore 118177"
"138","kml_138",40,"103.784615786562","1.29429413766316","301 South Buona Vista Rd, Kent Ridge, Singapore 118177"
"139","kml_139",30,"103.787834052444","1.29970817938388","Connexis Tower, 1 Fusionopolis Way, Connexis Tower, Singapore 138632 Fusionopolis Pl, Singapore 138632, Singapore 138632"
"140","kml_140",54,"103.786867166995","1.29913119198441","11 Ayer Rajah Ave, Singapore"
"141","kml_141",20,"103.790903524748","1.30625884049401","151 North Buona Vista Rd, Singapore 139347"
"142","kml_142",20,"103.789236008136","1.30734214748338","100 North Buona Vista Rd, Buona Vista, Singapore 139349"
"143","kml_143",60,"103.790714066168","1.30690191336055","100 North Buona Vista Rd, Buona Vista, Singapore 139349"
"144","kml_144",80,"103.796157051044","1.3113376518036","Holland V Stn Exit A, Singapore"
"145","kml_145",32,"103.807650770066","1.3177492216187","Farrer Rd Stn Exit B, Singapore"
"146","kml_146",52,"103.807983201501","1.31748929636617","Farrer Rd, Farrer Road, Singapore"
"147","kml_147",76,"103.814533892822","1.32171926708658","89 Cluny Park Rd, Singapore 259591"
"148","kml_148",100,"103.816863126792","1.32253639523306","481 Bukit Timah Rd, Singapore"
"149","kml_149",32,"103.8398155427","1.3375916192765","Caldecott, Singapore"
"150","kml_150",48,"103.839386598401","1.337403644284","Caldecott, Singapore"
"151","kml_151",54,"103.838995075545","1.34880651676735","60 Marymount Rd, Singapore 573993"
"152","kml_152",24,"103.840060742122","1.347802498841","40 Jln Pemimpin, Singapore 577185"
"153","kml_153",57,"103.84973694578","1.35102096698921","17 Bishan Pl, Singapore 579842"
"154","kml_154",24,"103.849669999973","1.30644999999217","little india, Singapore"
"155","kml_155",20,"103.850358553584","1.30739959897889","Little India, Singapore"
"156","kml_156",18,"103.855219616563","1.31190631807491","328 Serangoon Rd, Singapore 218112"
"157","kml_157",20,"103.853112127999","1.31236326223778","250 Race Course Rd, Singapore 218703"
"158","kml_158",17,"103.860620000028","1.31806529999933","900 Serangoon Rd, Boon Keng, Singapore 328260"
"159","kml_159",16,"103.862176954928","1.31930912839412","900 Serangoon Rd, Boon Keng, Singapore 328260"
"160","kml_160",22,"103.86150136124","1.32034207716597","103 Towner Rd, Block 103, Singapore 322103"
"161","kml_161",7,"103.861270463135","1.32006951354375","104 Towner Rd, Singapore 322104"
"162","kml_162",40,"103.86183671398","1.32017806147129","Boon Keng Stn/Blk 102, Singapore"
"163","kml_163",40,"103.868819607338","1.33275137494597","55 Upper Serangoon Rd, Singapore 347694"
"164","kml_164",44,"103.86880000002","1.33152649999281","63 Upper Serangoon Rd, Singapore 347654"
"165","kml_165",46,"103.869358168086","1.33143556183146","78 Upper Serangoon Rd, Singapore 347664"
"166","kml_166",25,"103.870382213571","1.33850296441546","Woodleigh Stn Exit B, Singapore"
"167","kml_167",10,"103.87122059762","1.35087218823196","12A Serangoon Ave 2, Singapore 556137"
"168","kml_168",50,"103.873803235579","1.35057105866693","Serangoon, Singapore"
"169","kml_169",48,"103.873164637872","1.34951641194787","S'Goon Stn Exit H, Singapore"
"170","kml_170",68,"103.885483758394","1.36018317730076","Kovan Stn Exit C, Singapore"
"171","kml_171",30,"103.884916171599","1.36040285030318","900 Upper Serangoon Rd, Kovan, Singapore 534799"
"172","kml_172",40,"103.884497255779","1.36005500714046","900 Upper Serangoon Rd, Kovan, Singapore 534799"
"173","kml_173",262,"103.895086528345","1.39102447088988","Sengkang, Singapore"
"174","kml_174",26,"103.895183050217","1.3913104795342","Sengkang, Singapore"
"175","kml_175",50,"103.895482421433","1.39122232978504","Sengkang, Singapore"
"176","kml_176",220,"103.895397518184","1.39098308996752","Sengkang, Singapore"
"177","kml_177",0,"103.839199582001","1.34887960632398","60 Marymount Rd, Marymount, Singapore 573993"
"178","kml_178",0,"103.840020306789","1.3479246473991","40 Jln Pemimpin, Singapore 577185"
"179","kml_179",0,"103.840137553135","1.34777896334463","60 Marymount Rd, Marymount, Singapore 573993"
"180","kml_180",0,"103.839461548643","1.33715352269858","Caldecott, Singapore"
"181","kml_181",0,"103.751812055739","1.35932229400619","BUkit Gombak, Singapore"
"182","kml_182",0,"103.752076233031","1.35904259057571","BUkit Gombak, Singapore"
"183","kml_183",0,"103.752090715806","1.35880949735688","BUkit Gombak, Singapore"
"184","kml_184",0,"103.747307143419","1.39808524252383","623 Choa Chu Kang Street 62, Singapore 680623"
"185","kml_185",25,"103.746650704112","1.39779803964953","624 Choa Chu Kang Street 62, Singapore 680624"
"186","kml_186",0,"103.747791328608","1.39836042003344","Pick-up/Drop-off Opp Yew Tee Stn/Choa Chu Kang Dr, Singapore"
"187","kml_187",0,"103.762288878011","1.42489570435869","10 Kranji Rd, Kranji, Singapore 739520"
"188","kml_188",0,"103.762507447642","1.42516813930145","960 Woodlands Rd, Singapore 738702"
"189","kml_189",0,"103.801025819304","1.44086659600098","70 Woodlands Ave 7, Singapore 738344"
"190","kml_190",0,"103.820493541133","1.44895864874102","Sembawang, Singapore"
"191","kml_191",0,"103.833301484793","1.41819613374435","Ave 2 outside Khatib Mrt Stn, Khatib, Singapore"
"192","kml_192",18,"103.771234519425","1.3845072452953","454 Fajar Rd, Singapore 670415"
"193","kml_193",34,"103.696948128681","1.33729011130296","31 Jurong West Street 63, Singapore 648310"
"194","kml_194",26,"103.696852957005","1.33729100539946","31 Jurong West Street 63, Singapore 648310"
"195","kml_195",10,"103.697415126231","1.33794434178999","649A Jurong West Street 61, Block 649A, Singapore 641649"
"196","kml_196",7,"103.696845772992","1.33792396096947","650A Jurong West Street 61, Block 650A, Singapore 641650"
"197","kml_197",8,"103.696868569084","1.33776971434777","31 Jurong West Street 63, Singapore 648310"
"198","kml_198",223,"103.705300390291","1.33836153037902","301 Boon Lay Way, Boon Lay, Singapore 649846"
"199","kml_199",58,"103.705286986076","1.33835703263589","301 Boon Lay Way, Boon Lay, Singapore 649846"
"200","kml_200",162,"103.706451825304","1.33852887992587","301 Boon Lay Way, Singapore 649846"
"201","kml_201",108,"103.720187574415","1.3441481418134","201 Boon Lay Way, Singapore 649845"
"202","kml_202",204,"103.720949830676","1.34443688634706","Lakeside Stn, Singapore"
"203","kml_203",40,"103.732145345125","1.34275773891983","151 Boon Lay Way Singapore 609959 Boon Lay Way, Singapore 609959"
"204","kml_204",60,"103.732073852163","1.34281349906097","151 Boon Lay Way Singapore 609959 Boon Lay Way, Singapore 609959"
"205","kml_205",0,"103.732110763441","1.34286405421908","151 Boon Lay Way Singapore 609959 Boon Lay Way, Singapore 609959"
"206","kml_206",40,"103.732188475899","1.34244272384213","151 Boon Lay Way, Chinese Garden, Singapore 609959"
"207","kml_207",126,"103.74116511875","1.33391513806785","10 Jurong East Street 12, Jurong East, Singapore 609690"
"208","kml_208",148,"103.742239269832","1.33371955746648","10 Jurong East Street 12, Singapore 609690"
"209","kml_209",144,"103.742468516629","1.3328840177639","155 Jurong Gateway Rd, Singapore 609649"
"210","kml_210",30,"103.880452474397","1.34210675135714","90 Bartley Rd, Singapore 539788"
"211","kml_211",20,"103.778485552712","1.31184157867708","200 Commonwealth Ave W, Dover, Singapore 138677"
"212","kml_212",20,"103.77868748484","1.31107881070744","200 Commonwealth Ave W, Singapore 138677"
"213","kml_213",10,"103.76481540958","1.31534734094468","Clementi bus interchange, Singapore"
"214","kml_214",25,"103.76530234718","1.31549538813901","3150 Commonwealth Ave W, Clementi, Singapore 129580"
"215","kml_215",17,"103.798053283113","1.30308062722822","375 Commonwealth Ave, Commonwealth, Singapore 149735"
"216","kml_216",17,"103.798026876769","1.30228009409602","01-01 Commonwealth Ave, Singapore"
"217","kml_217",24,"103.805709468992","1.29413976326354","181 Stirling Rd, Block 181, Singapore 140181"
"218","kml_218",20,"103.805865829755","1.29432265152994","301 Commonwealth Ave, Queenstown, Singapore 149729"
"219","kml_219",33,"103.806444869026","1.29457596824962","18-16 Commonwealth Ave, Singapore"
"220","kml_220",20,"103.817340536446","1.28935481366401","126 Tiong Bahru Rd, Singapore 168732"
"221","kml_221",72,"103.819229790939","1.44890377929639","11 Canberra Rd, Singapore 759775"
"222","kml_222",120,"103.819235822311","1.44890531957849","11 Canberra Rd, Singapore 759775"
"223","kml_223",40,"103.819513331163","1.44872188845753","Sembawang, Singapore"
"224","kml_224",27,"103.819520764668","1.44872339090076","Sembawang, Singapore"
"225","kml_225",192,"103.834566308724","1.42977804204905","930 Yishun Ave 2, Singapore 769098"
"226","kml_226",366,"103.834555965627","1.42966056373521","301 Yishun Ave 2, Yishun, Singapore 769093"
"227","kml_227",60,"103.834768736641","1.42915867828215","301 Yishun Ave 2, Singapore 769093"
"228","kml_228",64,"103.834781296312","1.42956985248425","930 Yishun Ave 2, Singapore 769098"
"229","kml_229",34,"103.834823407655","1.43017657603188","301 Yishun Ave 2, Yishun, Singapore 769093"
"230","kml_230",120,"103.834804937836","1.42997730894562","301 Yishun Ave 2, Yishun, Singapore 769093"
"231","kml_231",128,"103.835152908258","1.43074091791861","152 Yishun Street 11, Singapore 760152"
"232","kml_232",35,"103.833362081904","1.41670448731018","838 Yishun Street 81, Singapore 760838"
"233","kml_233",18,"103.833308519935","1.41670114141692","838 Yishun Street 81, Singapore 760838"
"234","kml_234",160,"103.833117879963","1.41811403954846","Blk 813, Yishun Ring Rd, Blk 813A - U/C, Singapore 760813"
"235","kml_235",88,"103.832775486257","1.41743240689047","Ave 2 outside Khatib Mrt Stn, Khatib, Singapore"
"236","kml_236",11,"103.832437861513","1.41687029520791","812 Yishun Ring Rd, Block 812, Singapore 760812"
"237","kml_237",30,"103.832710473323","1.41673051093114","201 Yishun Ave 2, Singapore 769092"
"238","kml_238",10,"103.845123735558","1.38141001556705","3000 Ang Mo Kio Ave 8, Yio Chu Kang MRT Station, Singapore 569813"
"239","kml_239",15,"103.844577046262","1.38217288420264","3000 Ang Mo Kio Ave 8, Yio Chu Kang MRT Station, Singapore 569813"
"240","kml_240",40,"103.844619894193","1.38196766859306","300 Ang Mo Kio Ave 8, Singapore 569813"
"241","kml_241",34,"103.751796483633","1.35945383738533","BUkit Gombak, Singapore"
"242","kml_242",5,"103.758086637364","1.37882134977303","152 Jln Teck Whye, Block 152, Singapore 680152"
"243","kml_243",5,"103.754089938751","1.37695643751719","102 Teck Whye Ln, Block 102, Singapore 680102"
"244","kml_244",32,"103.770661144073","1.38438148904744","Fajar Stn, Fajar Rd, Singapore"
"245","kml_245",8,"103.772858373982","1.3798727583334","255 Bangkit Rd, Singapore 670257"
"246","kml_246",6,"103.767029513114","1.37770371453636","108 Gangsa Rd, Block 108, Singapore 670108"
"247","kml_247",4,"103.764309815725","1.38725358148831","655 Senja Rd, Singapore 670655"
"248","kml_248",4,"103.764028352186","1.38691303488952","653 Senja Link, Singapore 670653"
"249","kml_249",8,"103.769521858483","1.38793257486023","Segar, Singapore"
"250","kml_250",4,"103.766813778361","1.37817733938564","107 Gangsa Rd, Singapore 670107"
"251","kml_251",72,"103.906281229987","1.39156446983333","153 Rivervale Cres, Singapore 540153"
"252","kml_252",48,"103.900275051516","1.39427854632759","253 Compassvale St, Singapore 540253"
"253","kml_253",6,"103.905916162219","1.38789216953918","122E Rivervale Dr, Singapore 545122"
"254","kml_254",48,"103.905656100308","1.38746761996241","122D Rivervale Dr, Singapore 544122"
"255","kml_255",24,"103.90513159102","1.38817324927282","135 Rivervale St, Singapore 540135"
"256","kml_256",48,"103.902299727624","1.38346751050493","117A Rivervale Dr, Singapore 541117"
"257","kml_257",5,"103.902422368046","1.38360208649201","Kangkar, Singapore"
"258","kml_258",8,"103.9017929409","1.38390100531368","113 Rivervale Walk, Singapore 540113"
"259","kml_259",24,"103.901962858301","1.38387572023683","20 Rivervale Dr, Singapore 545052"
"260","kml_260",6,"103.897632887184","1.38334942053551","267B Compassvale Link, Singapore 542267"
"261","kml_261",24,"103.897542759639","1.38345797888622","267B Compassvale Link, Singapore 542267"
"262","kml_262",24,"103.897129058677","1.38393310813408","Ranggung, Singapore"
"263","kml_263",24,"103.897873005317","1.3839591115178","208 Compassvale Ln, Singapore 540208"
"264","kml_264",9,"103.889894173291","1.39666779387666","73 Anchorvale St, Singapore"
"265","kml_265",9,"103.889638545052","1.39741186296785","334C Anchorvale Cres, Singapore 543334"
"266","kml_266",12,"103.88924172877","1.39764671543924","336B Anchorvale Cres, Singapore 542336"
"267","kml_267",9,"103.889023912877","1.39754667149248","01-38 Anchorvale Cres, Blk 336B, Singapore 542336"
"268","kml_268",12,"103.889316468438","1.39751246195685","336B Anchorvale Cres, Singapore 542336"
"269","kml_269",10,"103.876559873632","1.39204850328693","436D Fernvale Rd, Singapore 794436"
"270","kml_270",14,"103.876455708876","1.39220390374821","436 Fernvale Rd, Singapore 790436"
"271","kml_271",0,"103.881157536","1.39786331940312","Kupang LRT (Exit B), Fernvale St, Singapore"
"272","kml_272",24,"103.881232757167","1.39786061565676","Kupang LRT (Exit B), Fernvale St, Singapore"
"273","kml_273",4,"103.890120016137","1.38732900576105","303B Anchorvale Link, Singapore 542303"
"274","kml_274",6,"103.890419951342","1.38700927900888","Renjong, Singapore"
"275","kml_275",12,"103.905657591261","1.40001623329714","199B Punggol Field, Singapore 822199"
"276","kml_276",12,"103.905780226238","1.3999381584835","199B Punggol Field, Singapore 822199"
"277","kml_277",6,"103.906055045623","1.39972549937147","199 Punggol Field, Singapore 820199"
"278","kml_278",6,"103.906270766618","1.39964370395668","197A Punggol Field, Singapore 821197"
"279","kml_279",12,"103.906690380372","1.39922879914028","196A Punggol Field, Singapore 821196"
"280","kml_280",5,"103.90552384535","1.3991366374265","102B Punggol Field, Singapore 822102"
"281","kml_281",6,"103.90582821552","1.39891505503309","102A Punggol Field, Singapore 821102"
"282","kml_282",5,"103.90940162809","1.39700852181369","173A Punggol Field, Singapore 821173"
"283","kml_283",12,"103.908995311378","1.39736320037775","Meridian Stn Exit B, Singapore"
"284","kml_284",7,"103.908643627372","1.39656391344803","108 Punggol Field, Singapore 820108"
"285","kml_285",14,"103.912392032152","1.3936753821277","128A Punggol Field Walk, Block 128A, Singapore 821128"
"286","kml_286",48,"103.911823245164","1.39404100030887","Coral Edge Stn Exit A, Singapore"
"287","kml_287",24,"103.916097835286","1.39952261552391","639 Punggol Dr., Singapore 820639"
"288","kml_288",11,"103.916740715661","1.3990142075232","641B Punggol Dr., Block 641B, Singapore 822641"
"289","kml_289",11,"103.91655023235","1.39915628827873","641C Punggol Dr., Singapore 823641"
"290","kml_290",10,"103.911926319243","1.40237622094271","616 Punggol Dr., Singapore 820616"
"291","kml_291",7,"103.912169527407","1.40222643598115","617B Punggol Dr., Singapore 822617"
"292","kml_292",7,"103.912429742507","1.40204840674514","617C Punggol Dr., 1, Singapore 823617"
"293","kml_293",7,"103.912713767344","1.40183015101124","50 Punggol Dr., Singapore 828854"
"294","kml_294",17,"103.907915382133","1.40524697820113","612C Punggol Dr., Singapore 823612"
"295","kml_295",5,"103.908352188068","1.40495934612906","612B Punggol Dr., Singapore 822612"
"296","kml_296",18,"103.900629916566","1.41131097408283","312b Sumang Link, Singapore 821313"
"297","kml_297",14,"103.898301639003","1.40883581467562","316A Punggol Way, Singapore 821316"
"298","kml_298",10,"103.896749793123","1.40476412636347","260b Punggol Way, Singapore"
"299","kml_299",6,"103.897778796766","1.40561996536748","266b Punggol Way, Singapore 820269"
"300","kml_300",13,"103.897465826384","1.40473072783704","21 Punggol Way, Singapore 828864"
"301","kml_301",0,"103.901562338272","1.40399529713741","70 Punggol Central, Singapore"
"302","kml_302",0,"103.902856876607","1.40571157106699","70 Punggol Central, Singapore"
"303","kml_303",0,"103.902552021729","1.40608073115578","70 Punggol Central, Singapore"
"304","kml_304",0,"103.892379807277","1.37018586252849","840 Hougang Central, Singapore 538757"
"305","kml_305",10,"103.787386854778","1.29994421211345","3 Fusionopolis Pl, Singapore 138523"
"306","kml_306",0,"103.893644418484","1.31805712457233","30 Paya Lebar Rd, Singapore 409006"
"307","kml_307",6,"103.888161169598","1.30778363808891","60 Dakota Cres, Block 60, Singapore 390060"
"308","kml_308",8,"103.875681037775","1.30331139074291","3 Stadium Dr, Singapore 397630"
"309","kml_309",0,"103.853257777045","1.29302693988186","2 Stamford Rd, Singapore 178882"
"310","kml_310",0,"103.912601177994","1.32113437408649","32 Lor Mydin, Singapore 416826"
"311","kml_311",98,"103.953932375363","1.34295666837158","242 Simei Street 5, Block 242, Singapore 520242"
"312","kml_312",0,"103.949515383312","1.37340762898804","10 Pasir Ris Central, Singapore 519634"
"313","kml_313",34,"103.948953674777","1.37179494128666","530B Pasir Ris Dr 1, Singapore 512530"
"314","kml_314",0,"103.8484859756","1.35131466914926","702 Ang Mo Kio Ave 8, Singapore"
"315","kml_315",10,"103.838951338464","1.34940916722228","301 Shunfu Rd, Block 301, Singapore 570301"
"316","kml_316",18,"103.827015164436","1.28528625623947","18A Jln Membina, Singapore 165018"
"317","kml_317",40,"103.852388037463","1.3033082791757","Rochor, Singapore"
"318","kml_318",20,"103.837983386853","1.31201167271265","Newton, Singapore"
"319","kml_319",40,"103.837685223508","1.3136641002667","235 Bukit Timah Rd, Singapore"
"320","kml_320",154,"103.837680910054","1.31366301490277","235 Bukit Timah Rd, Singapore"
"321","kml_321",13,"103.847690353844","1.33299609975596","Blk 520 Lor 6 Toa Payoh,  HDB Hub, Singapore 310520"
"322","kml_322",108,"103.847386256996","1.33350403958231","175 Lor 2 Toa Payoh, Singapore 310175"
"323","kml_323",76,"103.847046569577","1.33323162176221","175 Lor 2 Toa Payoh, Singapore 310175"
"324","kml_324",6,"103.846477731181","1.33336620676143","154 Lor 2 Toa Payoh, Block 154, Singapore 310154"
"325","kml_325",5,"103.846272840336","1.33319038311632","154 Lor 2 Toa Payoh, Block 154, Singapore 310154"
"326","kml_326",24,"103.846038333885","1.34068952523866","116 Lor 1 Toa Payoh, Singapore 823623"
"327","kml_327",20,"103.847785888782","1.34052071505123","106A Lor 1 Toa Payoh, Singapore 311106"
"328","kml_328",98,"103.849725482402","1.37006579117351","2450 Ang Mo Kio Ave 8, Ang Mo Kio, Singapore 569811"
"329","kml_329",22,"103.849727000885","1.37006984085913","2450 Ang Mo Kio Ave 8, Ang Mo Kio, Singapore 569811"
"330","kml_330",45,"103.850004670943","1.36924614908181","2450 Ang Mo Kio Ave 8, Ang Mo Kio, Singapore 569811"
"331","kml_331",74,"103.849575980682","1.36954400420396","2795 Ang Mo Kio Ave 8, Singapore 569812"
"332","kml_332",0,"103.850166286666","1.36957695779022","2450 Ang Mo Kio Ave 8, Ang Mo Kio, Singapore 569811"
"333","kml_333",20,"103.760960289032","1.42459258294607","Opp Kranji Stn, Singapore"
"334","kml_334",130,"103.747687259006","1.39882661506578","621 Choa Chu Kang Street 62, Block 621, Singapore 680621"
"335","kml_335",50,"103.747333890038","1.39807843353397","623 Choa Chu Kang Street 62, Singapore 680623"
"336","kml_336",20,"103.747361403494","1.39807213382883","623 Choa Chu Kang Street 62, Singapore 680623"
"337","kml_337",170,"103.747139378866","1.39714730195058","61 Choa Chu Kang Dr, Singapore 689715"
"338","kml_338",308,"103.744290210534","1.3859209795005","10 Choa Chu Kang Ave 4, Singapore 689810"
"339","kml_339",15,"103.744183872006","1.38590653914036","10 Choa Chu Kang Ave 4, Singapore 689810"
"340","kml_340",21,"103.744247287641","1.38478273331215","15 Choa Chu Kang Ave 4, Singapore 689813"
"341","kml_341",128,"103.785750094976","1.43688733416555","Woodlands Int, Singapore"
"342","kml_342",102,"103.785104212257","1.4366541851038","30 Woodlands Ave 2, Woodlands, Singapore 738343"
"343","kml_343",19,"103.786924740792","1.4373441127002","30 Woodlands Ave 2, /48/49, Singapore 738343"
"344","kml_344",90,"103.78546172333","1.43700452586949","Woodlands Int, Singapore"
"345","kml_345",0,"103.773832515361","1.43242609192433","Marsiling, Singapore"
"346","kml_346",70,"103.775198633284","1.43245149640155","71 Woodlands Ave 3, Singapore 739044"
"347","kml_347",13,"103.773887332252","1.43297914181373","163 Woodlands Street 13, Singapore 730163"
"348","kml_348",109,"103.785692593468","1.43650295756837","Woodlands Int, Singapore"
"349","kml_349",110,"103.785224125204","1.4363299790828","1 Woodlands Square, Singapore 738099"
"350","kml_350",10,"103.938617611519","1.34499015738702","Tampines West, Singapore"
"351","kml_351",21,"103.938178090439","1.34521014647861","803, Singapore 520802"
"352","kml_352",3,"103.938169482368","1.34536046915581","2 Tampines Avenue 4 Tampines West MRT Station, Singapore 520803"
"353","kml_353",9,"103.938740885397","1.34500069149444","Tampines West, Singapore"
"354","kml_354",27,"103.938228567142","1.34519160209963","2 Tampines Ave 4, Singapore 529683"
"355","kml_355",9,"103.938744119358","1.34506549893235","Tampines West, Singapore"
"356","kml_356",15,"103.938648798916","1.34505701287182","Tampines West, Singapore"
"357","kml_357",32,"103.786712700887","1.43636069812793","1 Woodlands Square, Singapore 738099"
"358","kml_358",98,"103.800157648021","1.44039710170558","70 Woodlands Ave 7, Singapore 738344"
"359","kml_359",72,"103.800111911925","1.44023529168004","Admiralty, Singapore"
"360","kml_360",10,"103.801078295727","1.44126684038137","718 Woodlands Ave 6, Singapore 730718"
"361","kml_361",15,"103.80120338843","1.44091846379072","70 Ave 7 Admiralty MRT Station, Singapore 738344"
"362","kml_362",36,"103.801911640377","1.44102274312087","Admiralty, Singapore"
"363","kml_363",186,"103.801545737224","1.44068307782259","678A Woodlands Ave 6, Stall 1, Singapore 731678"
"364","kml_364",80,"103.801548509358","1.44067680077778","678A Woodlands Ave 6, Stall 1, Singapore 731678"
"365","kml_365",100,"103.826075440921","1.31982939332213","395 Bukit Timah Rd, Singapore 259735"
"366","kml_366",54,"103.796560898423","1.3308356651698","785 Bukit Timah Rd, Singapore 269761"
"367","kml_367",110,"103.807737248681","1.32640836368993","Opp Tan Kah Kee Stn, Singapore"
"368","kml_368",84,"103.807080315343","1.32583086414779","Tan Kah Kee Stn, Singapore"
"369","kml_369",24,"103.782977106173","1.33543722961632","Bukit Timah Rd, King Albert Park, Singapore"
"370","kml_370",164,"103.782967402569","1.33553068832376","Bukit Timah Rd, King Albert Park, Singapore"
"371","kml_371",138,"103.761107908203","1.37904082230662","950 Upper Bukit Timah Rd, Singapore 678213"
"372","kml_372",69,"103.762769731421","1.37779103464051","Bukit Panjang, Singapore"
"373","kml_373",93,"103.764492729029","1.36978849600726","Cashew, Singapore"
"374","kml_374",39,"103.766948878387","1.36223304360076","500G Upper Bukit Timah Rd, Hillview, Singapore 678107"
"375","kml_375",78,"103.766942642396","1.36220165794299","4 Hillview Rd, Singapore 669320"
"376","kml_376",57,"103.768010516864","1.36270245952955","500 Upper Bukit Timah Rd, Singapore 678106"
"377","kml_377",26,"103.767809555982","1.36253855229218","500 Upper Bukit Timah Rd, Singapore 678108"
"378","kml_378",42,"103.767815792174","1.36256296332948","500 Upper Bukit Timah Rd, Singapore 678108"
"379","kml_379",24,"103.775384715845","1.34147597146712","110 Upper Bukit Timah Rd, Singapore 588169"
"380","kml_380",55,"103.775758267565","1.33990949743388","110 Upper Bukit Timah Rd, Singapore 588169"
"381","kml_381",73,"103.749527734958","1.34871932491478","Bukit Batok, Singapore"
"382","kml_382",76,"103.749838175394","1.34914338777363","10 Bukit Batok Central, Level 1, Singapore 659958"
"383","kml_383",86,"103.75179410401","1.35949520028024","BUkit Gombak, Singapore"
"384","kml_384",0,"103.75012694579","1.34995076107685","630 Bukit Batok Central, Singapore 650630"
"385","kml_385",0,"103.750036556811","1.34984310162474","630 Bukit Batok Central, 01-146, Singapore 650630"
"386","kml_386",20,"103.751424057295","1.35857350717235","372 Bukit Batok West Ave 5, Singapore"
"387","kml_387",132,"103.802332774715","1.44130706418799","683B Woodlands Drive 62, Block 683B, Singapore 732683"
"388","kml_388",204,"103.79960369234","1.44002814744243","671A Woodlands Drive 71, Singapore 731671"
"389","kml_389",14,"103.905331799829","1.39931764567324","102B Punggol Field, Singapore 822102"
"390","kml_390",14,"103.912149660633","1.39365032728321","128A Punggol Field Walk, Block 128A, Singapore 821128"
"391","kml_391",0,"103.720449351225","1.34437789411164","Lakeside Stn, Singapore"
"392","kml_392",0,"103.894006856516","1.31824345973716","30 Paya Lebar Rd, Singapore 409006"
"393","kml_393",0,"103.892935345216","1.3178055985774","Paya Lebar, Singapore"
"394","kml_394",0,"103.807662819574","1.32648793397353","Opp Tan Kah Kee Stn, Singapore"
"395","kml_395",371,"103.821237706495","1.44937086669473","3 Canberra Rd, Singapore 759763"
"396","kml_396",100,"103.820054156409","1.44928237947733","Sembawang, Singapore"
